{"cameraMode":{"drawMode":0,"name":"Shaded","section":"Shading Mode"},"sceneLighting":true,"audioPlay":false,"sceneViewState":{"m_AlwaysRefresh":false,"showFog":true,"showSkybox":true,"showFlares":true,"showImageEffects":true,"showParticleSystems":true,"showVisualEffectGraphs":true,"m_FxEnabled":true},"in2DMode":false,"pivot":{"x":-0.33055877685546877,"y":0.8720283508300781,"z":1.434741497039795},"rotation":{"x":0.004318290390074253,"y":-0.6942527890205383,"z":0.0041655669920146469,"w":0.7197062969207764},"size":15.462262153625489,"orthographic":true}